[
{"_id": 124, "customerName": "Mini Gifts Distributors Ltd.", "contactLastName": "Nelson", "contactFirstName": "Susan", "phone": "4155551450", "addressLine1": "5677 Strong St.", "addressLine2": null, "city": "San Rafael", "state": "CA", "postalCode": "97562", "country": "USA", "salesRep": "Leslie Jennings", "creditLimit": 210500.0, "payments": [{"checkNumber": "AE215433", "paymentDate": {"$date":"2005-03-05T00:00:00.000Z"}, "amount": 101244.59}, {"checkNumber": "BG255406", "paymentDate": {"$date":"2004-08-28T00:00:00.000Z"}, "amount": 85410.87}, {"checkNumber": "CQ287967", "paymentDate": {"$date":"2003-04-11T00:00:00.000Z"}, "amount": 11044.3}, {"checkNumber": "ET64396", "paymentDate": {"$date":"2005-04-16T00:00:00.000Z"}, "amount": 83598.04}, {"checkNumber": "HI366474", "paymentDate": {"$date":"2004-12-27T00:00:00.000Z"}, "amount": 47142.7}, {"checkNumber": "HR86578", "paymentDate": {"$date":"2004-11-02T00:00:00.000Z"}, "amount": 55639.66}, {"checkNumber": "KI131716", "paymentDate": {"$date":"2003-08-15T00:00:00.000Z"}, "amount": 111654.4}, {"checkNumber": "LF217299", "paymentDate": {"$date":"2004-03-26T00:00:00.000Z"}, "amount": 43369.3}, {"checkNumber": "NT141748", "paymentDate": {"$date":"2003-11-25T00:00:00.000Z"}, "amount": 45084.38}]},
{"_id": 129, "customerName": "Mini Wheels Co.", "contactLastName": "Murphy", "contactFirstName": "Julie", "phone": "6505555787", "addressLine1": "5557 North Pendale Street", "addressLine2": null, "city": "San Francisco", "state": "CA", "postalCode": "94217", "country": "USA", "salesRep": "Leslie Jennings", "creditLimit": 64600.0, "payments": [{"checkNumber": "DM826140", "paymentDate": {"$date":"2004-12-08T00:00:00.000Z"}, "amount": 26248.78}, {"checkNumber": "ID449593", "paymentDate": {"$date":"2003-12-11T00:00:00.000Z"}, "amount": 23923.93}, {"checkNumber": "PI42991", "paymentDate": {"$date":"2003-04-09T00:00:00.000Z"}, "amount": 16537.85}]},
{"_id": 161, "customerName": "Technics Stores Inc.", "contactLastName": "Hashimoto", "contactFirstName": "Juri", "phone": "6505556809", "addressLine1": "9408 Furth Circle", "addressLine2": null, "city": "Burlingame", "state": "CA", "postalCode": "94217", "country": "USA", "salesRep": "Leslie Jennings", "creditLimit": 84600.0, "payments": [{"checkNumber": "BR352384", "paymentDate": {"$date":"2004-11-14T00:00:00.000Z"}, "amount": 2434.25}, {"checkNumber": "BR478494", "paymentDate": {"$date":"2003-11-18T00:00:00.000Z"}, "amount": 50743.65}, {"checkNumber": "KG644125", "paymentDate": {"$date":"2005-02-02T00:00:00.000Z"}, "amount": 12692.19}, {"checkNumber": "NI908214", "paymentDate": {"$date":"2003-08-05T00:00:00.000Z"}, "amount": 38675.13}]},
{"_id": 321, "customerName": "Corporate Gift Ideas Co.", "contactLastName": "Brown", "contactFirstName": "Julie", "phone": "6505551386", "addressLine1": "7734 Strong St.", "addressLine2": null, "city": "San Francisco", "state": "CA", "postalCode": "94217", "country": "USA", "salesRep": "Leslie Jennings", "creditLimit": 105000.0, "payments": [{"checkNumber": "DJ15149", "paymentDate": {"$date":"2003-11-03T00:00:00.000Z"}, "amount": 85559.12}, {"checkNumber": "LA556321", "paymentDate": {"$date":"2005-03-15T00:00:00.000Z"}, "amount": 46781.66}]},
{"_id": 450, "customerName": "The Sharp Gifts Warehouse", "contactLastName": "Frick", "contactFirstName": "Sue", "phone": "4085553659", "addressLine1": "3086 Ingle Ln.", "addressLine2": null, "city": "San Jose", "state": "CA", "postalCode": "94217", "country": "USA", "salesRep": "Leslie Jennings", "creditLimit": 77600.0, "payments": [{"checkNumber": "EF485824", "paymentDate": {"$date":"2004-06-21T00:00:00.000Z"}, "amount": 59551.38}]},
{"_id": 487, "customerName": "Signal Collectibles Ltd.", "contactLastName": "Taylor", "contactFirstName": "Sue", "phone": "4155554312", "addressLine1": "2793 Furth Circle", "addressLine2": null, "city": "Brisbane", "state": "CA", "postalCode": "94217", "country": "USA", "salesRep": "Leslie Jennings", "creditLimit": 60300.0, "payments": [{"checkNumber": "AH612904", "paymentDate": {"$date":"2003-09-28T00:00:00.000Z"}, "amount": 29997.09}, {"checkNumber": "PT550181", "paymentDate": {"$date":"2004-02-29T00:00:00.000Z"}, "amount": 12573.28}]},
{"_id": 112, "customerName": "Signal Gift Stores", "contactLastName": "King", "contactFirstName": "Jean", "phone": "7025551838", "addressLine1": "8489 Strong St.", "addressLine2": null, "city": "Las Vegas", "state": "NV", "postalCode": "83030", "country": "USA", "salesRep": "Leslie Thompson", "creditLimit": 71800.0, "payments": [{"checkNumber": "BO864823", "paymentDate": {"$date":"2004-12-17T00:00:00.000Z"}, "amount": 14191.12}, {"checkNumber": "HQ55022", "paymentDate": {"$date":"2003-06-06T00:00:00.000Z"}, "amount": 32641.98}, {"checkNumber": "ND748579", "paymentDate": {"$date":"2004-08-20T00:00:00.000Z"}, "amount": 33347.88}]},
{"_id": 205, "customerName": "Toys4GrownUps.com", "contactLastName": "Young", "contactFirstName": "Julie", "phone": "6265557265", "addressLine1": "78934 Hillside Dr.", "addressLine2": null, "city": "Pasadena", "state": "CA", "postalCode": "90003", "country": "USA", "salesRep": "Leslie Thompson", "creditLimit": 90700.0, "payments": [{"checkNumber": "GL756480", "paymentDate": {"$date":"2003-12-04T00:00:00.000Z"}, "amount": 3879.96}, {"checkNumber": "LL562733", "paymentDate": {"$date":"2003-09-05T00:00:00.000Z"}, "amount": 50342.74}, {"checkNumber": "NM739638", "paymentDate": {"$date":"2005-02-06T00:00:00.000Z"}, "amount": 39580.6}]},
{"_id": 219, "customerName": "Boards & Toys Co.", "contactLastName": "Young", "contactFirstName": "Mary", "phone": "3105552373", "addressLine1": "4097 Douglas Av.", "addressLine2": null, "city": "Glendale", "state": "CA", "postalCode": "92561", "country": "USA", "salesRep": "Leslie Thompson", "creditLimit": 11000.0, "payments": [{"checkNumber": "BN17870", "paymentDate": {"$date":"2005-03-02T00:00:00.000Z"}, "amount": 3452.75}, {"checkNumber": "BR941480", "paymentDate": {"$date":"2003-10-18T00:00:00.000Z"}, "amount": 4465.85}]},
{"_id": 239, "customerName": "Collectable Mini Designs Co.", "contactLastName": "Thompson", "contactFirstName": "Valarie", "phone": "7605558146", "addressLine1": "361 Furth Circle", "addressLine2": null, "city": "San Diego", "state": "CA", "postalCode": "91217", "country": "USA", "salesRep": "Leslie Thompson", "creditLimit": 105000.0, "payments": [{"checkNumber": "NQ865547", "paymentDate": {"$date":"2004-03-15T00:00:00.000Z"}, "amount": 80375.24}]},
{"_id": 347, "customerName": "Men 'R' US Retailers, Ltd.", "contactLastName": "Chandler", "contactFirstName": "Brian", "phone": "2155554369", "addressLine1": "6047 Douglas Av.", "addressLine2": null, "city": "Los Angeles", "state": "CA", "postalCode": "91003", "country": "USA", "salesRep": "Leslie Thompson", "creditLimit": 57700.0, "payments": [{"checkNumber": "DG700707", "paymentDate": {"$date":"2004-01-18T00:00:00.000Z"}, "amount": 21053.69}, {"checkNumber": "LG808674", "paymentDate": {"$date":"2003-10-24T00:00:00.000Z"}, "amount": 20452.5}]},
{"_id": 475, "customerName": "West Coast Collectables Co.", "contactLastName": "Thompson", "contactFirstName": "Steve", "phone": "3105553722", "addressLine1": "3675 Furth Circle", "addressLine2": null, "city": "Burbank", "state": "CA", "postalCode": "94019", "country": "USA", "salesRep": "Leslie Thompson", "creditLimit": 55400.0, "payments": [{"checkNumber": "JP113227", "paymentDate": {"$date":"2003-12-09T00:00:00.000Z"}, "amount": 7678.25}, {"checkNumber": "PB951268", "paymentDate": {"$date":"2004-02-13T00:00:00.000Z"}, "amount": 36070.47}]},
{"_id": 173, "customerName": "Cambridge Collectables Co.", "contactLastName": "Tseng", "contactFirstName": "Jerry", "phone": "6175555555", "addressLine1": "4658 Baden Av.", "addressLine2": null, "city": "Cambridge", "state": "MA", "postalCode": "51247", "country": "USA", "salesRep": "Julie Firrelli", "creditLimit": 43400.0, "payments": [{"checkNumber": "GP545698", "paymentDate": {"$date":"2004-05-13T00:00:00.000Z"}, "amount": 11843.45}, {"checkNumber": "IG462397", "paymentDate": {"$date":"2004-03-29T00:00:00.000Z"}, "amount": 20355.24}]},
{"_id": 204, "customerName": "Online Mini Collectables", "contactLastName": "Barajas", "contactFirstName": "Miguel", "phone": "6175557555", "addressLine1": "7635 Spinnaker Dr.", "addressLine2": null, "city": "Brickhaven", "state": "MA", "postalCode": "58339", "country": "USA", "salesRep": "Julie Firrelli", "creditLimit": 68700.0, "payments": [{"checkNumber": "GC697638", "paymentDate": {"$date":"2004-08-13T00:00:00.000Z"}, "amount": 51152.86}, {"checkNumber": "IS150005", "paymentDate": {"$date":"2004-09-24T00:00:00.000Z"}, "amount": 4424.4}]},
{"_id": 320, "customerName": "Mini Creations Ltd.", "contactLastName": "Huang", "contactFirstName": "Wing", "phone": "5085559555", "addressLine1": "4575 Hillside Dr.", "addressLine2": null, "city": "New Bedford", "state": "MA", "postalCode": "50553", "country": "USA", "salesRep": "Julie Firrelli", "creditLimit": 94500.0, "payments": [{"checkNumber": "GJ597719", "paymentDate": {"$date":"2005-01-18T00:00:00.000Z"}, "amount": 8307.28}, {"checkNumber": "HO576374", "paymentDate": {"$date":"2003-08-20T00:00:00.000Z"}, "amount": 41016.75}, {"checkNumber": "MU817160", "paymentDate": {"$date":"2003-11-24T00:00:00.000Z"}, "amount": 52548.49}]},
{"_id": 339, "customerName": "Classic Gift Ideas, Inc", "contactLastName": "Cervantes", "contactFirstName": "Francisca", "phone": "2155554695", "addressLine1": "782 First Street", "addressLine2": null, "city": "Philadelphia", "state": "PA", "postalCode": "71270", "country": "USA", "salesRep": "Julie Firrelli", "creditLimit": 81100.0, "payments": [{"checkNumber": "AP286625", "paymentDate": {"$date":"2004-10-24T00:00:00.000Z"}, "amount": 23333.06}, {"checkNumber": "DA98827", "paymentDate": {"$date":"2003-11-28T00:00:00.000Z"}, "amount": 34606.28}]},
{"_id": 379, "customerName": "Collectables For Less Inc.", "contactLastName": "Nelson", "contactFirstName": "Allen", "phone": "6175558555", "addressLine1": "7825 Douglas Av.", "addressLine2": null, "city": "Brickhaven", "state": "MA", "postalCode": "58339", "country": "USA", "salesRep": "Julie Firrelli", "creditLimit": 70700.0, "payments": [{"checkNumber": "CA762595", "paymentDate": {"$date":"2005-02-12T00:00:00.000Z"}, "amount": 28322.83}, {"checkNumber": "FR499138", "paymentDate": {"$date":"2003-09-16T00:00:00.000Z"}, "amount": 32680.31}, {"checkNumber": "GB890854", "paymentDate": {"$date":"2004-08-02T00:00:00.000Z"}, "amount": 12530.51}]},
{"_id": 495, "customerName": "Diecast Collectables", "contactLastName": "Franco", "contactFirstName": "Valarie", "phone": "6175552555", "addressLine1": "6251 Ingle Ln.", "addressLine2": null, "city": "Boston", "state": "MA", "postalCode": "51003", "country": "USA", "salesRep": "Julie Firrelli", "creditLimit": 85100.0, "payments": [{"checkNumber": "BH167026", "paymentDate": {"$date":"2003-12-26T00:00:00.000Z"}, "amount": 59265.14}, {"checkNumber": "FN155234", "paymentDate": {"$date":"2004-05-14T00:00:00.000Z"}, "amount": 6276.6}]},
{"_id": 157, "customerName": "Diecast Classics Inc.", "contactLastName": "Leong", "contactFirstName": "Kelvin", "phone": "2155551555", "addressLine1": "7586 Pompton St.", "addressLine2": null, "city": "Allentown", "state": "PA", "postalCode": "70267", "country": "USA", "salesRep": "Steve Patterson", "creditLimit": 100600.0, "payments": [{"checkNumber": "HI618861", "paymentDate": {"$date":"2004-11-19T00:00:00.000Z"}, "amount": 35152.12}, {"checkNumber": "NN711988", "paymentDate": {"$date":"2004-09-07T00:00:00.000Z"}, "amount": 63357.13}]},
{"_id": 198, "customerName": "Auto-Moto Classics Inc.", "contactLastName": "Taylor", "contactFirstName": "Leslie", "phone": "6175558428", "addressLine1": "16780 Pompton St.", "addressLine2": null, "city": "Brickhaven", "state": "MA", "postalCode": "58339", "country": "USA", "salesRep": "Steve Patterson", "creditLimit": 23000.0, "payments": [{"checkNumber": "FI192930", "paymentDate": {"$date":"2004-12-06T00:00:00.000Z"}, "amount": 9658.74}, {"checkNumber": "HQ920205", "paymentDate": {"$date":"2003-07-06T00:00:00.000Z"}, "amount": 6036.96}, {"checkNumber": "IS946883", "paymentDate": {"$date":"2004-09-21T00:00:00.000Z"}, "amount": 5858.56}]},
{"_id": 286, "customerName": "Marta's Replicas Co.", "contactLastName": "Hernandez", "contactFirstName": "Marta", "phone": "6175558555", "addressLine1": "39323 Spinnaker Dr.", "addressLine2": null, "city": "Cambridge", "state": "MA", "postalCode": "51247", "country": "USA", "salesRep": "Steve Patterson", "creditLimit": 123700.0, "payments": [{"checkNumber": "DR578578", "paymentDate": {"$date":"2004-10-28T00:00:00.000Z"}, "amount": 47411.33}, {"checkNumber": "KH910279", "paymentDate": {"$date":"2004-09-05T00:00:00.000Z"}, "amount": 43134.04}]},
{"_id": 362, "customerName": "Gifts4AllAges.com", "contactLastName": "Yoshido", "contactFirstName": "Juri", "phone": "6175559555", "addressLine1": "8616 Spinnaker Dr.", "addressLine2": null, "city": "Boston", "state": "MA", "postalCode": "51003", "country": "USA", "salesRep": "Steve Patterson", "creditLimit": 41900.0, "payments": [{"checkNumber": "FP170292", "paymentDate": {"$date":"2004-07-11T00:00:00.000Z"}, "amount": 18473.71}, {"checkNumber": "OG208861", "paymentDate": {"$date":"2004-09-21T00:00:00.000Z"}, "amount": 15059.76}]},
{"_id": 363, "customerName": "Online Diecast Creations Co.", "contactLastName": "Young", "contactFirstName": "Dorothy", "phone": "6035558647", "addressLine1": "2304 Long Airport Avenue", "addressLine2": null, "city": "Nashua", "state": "NH", "postalCode": "62005", "country": "USA", "salesRep": "Steve Patterson", "creditLimit": 114200.0, "payments": [{"checkNumber": "HL575273", "paymentDate": {"$date":"2004-11-17T00:00:00.000Z"}, "amount": 50799.69}, {"checkNumber": "IS232033", "paymentDate": {"$date":"2003-01-16T00:00:00.000Z"}, "amount": 10223.83}, {"checkNumber": "PN238558", "paymentDate": {"$date":"2003-12-05T00:00:00.000Z"}, "amount": 55425.77}]},
{"_id": 462, "customerName": "FunGiftIdeas.com", "contactLastName": "Benitez", "contactFirstName": "Violeta", "phone": "5085552555", "addressLine1": "1785 First Street", "addressLine2": null, "city": "New Bedford", "state": "MA", "postalCode": "50553", "country": "USA", "salesRep": "Steve Patterson", "creditLimit": 85800.0, "payments": [{"checkNumber": "ED203908", "paymentDate": {"$date":"2005-04-15T00:00:00.000Z"}, "amount": 30293.77}, {"checkNumber": "GC60330", "paymentDate": {"$date":"2003-11-08T00:00:00.000Z"}, "amount": 9977.85}, {"checkNumber": "PE176846", "paymentDate": {"$date":"2004-11-27T00:00:00.000Z"}, "amount": 48355.87}]},
{"_id": 151, "customerName": "Muscle Machine Inc", "contactLastName": "Young", "contactFirstName": "Jeff", "phone": "2125557413", "addressLine1": "4092 Furth Circle", "addressLine2": "Suite 400", "city": "NYC", "state": "NY", "postalCode": "10022", "country": "USA", "salesRep": "Foon Yue Tseng", "creditLimit": 138500.0, "payments": [{"checkNumber": "BF686658", "paymentDate": {"$date":"2003-12-22T00:00:00.000Z"}, "amount": 58793.53}, {"checkNumber": "GB852215", "paymentDate": {"$date":"2004-07-26T00:00:00.000Z"}, "amount": 20314.44}, {"checkNumber": "IP568906", "paymentDate": {"$date":"2003-06-18T00:00:00.000Z"}, "amount": 58841.35}, {"checkNumber": "KI884577", "paymentDate": {"$date":"2004-12-14T00:00:00.000Z"}, "amount": 39964.63}]},
{"_id": 168, "customerName": "American Souvenirs Inc", "contactLastName": "Franco", "contactFirstName": "Keith", "phone": "2035557845", "addressLine1": "149 Spinnaker Dr.", "addressLine2": "Suite 101", "city": "New Haven", "state": "CT", "postalCode": "97823", "country": "USA", "salesRep": "Foon Yue Tseng", "creditLimit": 0.0, "payments": []},
{"_id": 181, "customerName": "Vitachrome Inc.", "contactLastName": "Frick", "contactFirstName": "Michael", "phone": "2125551500", "addressLine1": "2678 Kingston Rd.", "addressLine2": "Suite 101", "city": "NYC", "state": "NY", "postalCode": "10022", "country": "USA", "salesRep": "Foon Yue Tseng", "creditLimit": 76400.0, "payments": [{"checkNumber": "CM564612", "paymentDate": {"$date":"2004-04-25T00:00:00.000Z"}, "amount": 22602.36}, {"checkNumber": "GQ132144", "paymentDate": {"$date":"2003-01-30T00:00:00.000Z"}, "amount": 5494.78}, {"checkNumber": "OH367219", "paymentDate": {"$date":"2004-11-16T00:00:00.000Z"}, "amount": 44400.5}]},
{"_id": 233, "customerName": "Qu\u00e9bec Home Shopping Network", "contactLastName": "Fresni\u00e8re", "contactFirstName": "Jean ", "phone": "(514) 555-8054", "addressLine1": "43 rue St. Laurent", "addressLine2": null, "city": "Montr\u00e9al", "state": "Qu\u00e9bec", "postalCode": "H1J 1C3", "country": "Canada", "salesRep": "Foon Yue Tseng", "creditLimit": 48700.0, "payments": [{"checkNumber": "BOFA23232", "paymentDate": {"$date":"2005-05-20T00:00:00.000Z"}, "amount": 29070.38}, {"checkNumber": "II180006", "paymentDate": {"$date":"2004-07-01T00:00:00.000Z"}, "amount": 22997.45}, {"checkNumber": "JG981190", "paymentDate": {"$date":"2003-11-18T00:00:00.000Z"}, "amount": 16909.84}]},
{"_id": 424, "customerName": "Classic Legends Inc.", "contactLastName": "Hernandez", "contactFirstName": "Maria", "phone": "2125558493", "addressLine1": "5905 Pompton St.", "addressLine2": "Suite 750", "city": "NYC", "state": "NY", "postalCode": "10022", "country": "USA", "salesRep": "Foon Yue Tseng", "creditLimit": 67500.0, "payments": [{"checkNumber": "KF480160", "paymentDate": {"$date":"2004-12-07T00:00:00.000Z"}, "amount": 25505.98}, {"checkNumber": "LM271923", "paymentDate": {"$date":"2003-04-16T00:00:00.000Z"}, "amount": 21665.98}, {"checkNumber": "OA595449", "paymentDate": {"$date":"2003-10-31T00:00:00.000Z"}, "amount": 22042.37}]},
{"_id": 455, "customerName": "Super Scale Inc.", "contactLastName": "Murphy", "contactFirstName": "Leslie", "phone": "2035559545", "addressLine1": "567 North Pendale Street", "addressLine2": null, "city": "New Haven", "state": "CT", "postalCode": "97823", "country": "USA", "salesRep": "Foon Yue Tseng", "creditLimit": 95400.0, "payments": [{"checkNumber": "HA777606", "paymentDate": {"$date":"2003-12-05T00:00:00.000Z"}, "amount": 38139.18}, {"checkNumber": "IR662429", "paymentDate": {"$date":"2004-05-12T00:00:00.000Z"}, "amount": 32239.47}]},
{"_id": 456, "customerName": "Microscale Inc.", "contactLastName": "Choi", "contactFirstName": "Yu", "phone": "2125551957", "addressLine1": "5290 North Pendale Street", "addressLine2": "Suite 200", "city": "NYC", "state": "NY", "postalCode": "10022", "country": "USA", "salesRep": "Foon Yue Tseng", "creditLimit": 39800.0, "payments": [{"checkNumber": "GJ715659", "paymentDate": {"$date":"2004-11-13T00:00:00.000Z"}, "amount": 27550.51}, {"checkNumber": "MO743231", "paymentDate": {"$date":"2004-04-30T00:00:00.000Z"}, "amount": 1679.92}]},
{"_id": 131, "customerName": "Land of Toys Inc.", "contactLastName": "Lee", "contactFirstName": "Kwai", "phone": "2125557818", "addressLine1": "897 Long Airport Avenue", "addressLine2": null, "city": "NYC", "state": "NY", "postalCode": "10022", "country": "USA", "salesRep": "George Vanauf", "creditLimit": 114900.0, "payments": [{"checkNumber": "CL442705", "paymentDate": {"$date":"2003-03-12T00:00:00.000Z"}, "amount": 22292.62}, {"checkNumber": "MA724562", "paymentDate": {"$date":"2004-12-02T00:00:00.000Z"}, "amount": 50025.35}, {"checkNumber": "NB445135", "paymentDate": {"$date":"2004-09-11T00:00:00.000Z"}, "amount": 35321.97}]},
{"_id": 175, "customerName": "Gift Depot Inc.", "contactLastName": "King", "contactFirstName": "Julie", "phone": "2035552570", "addressLine1": "25593 South Bay Ln.", "addressLine2": null, "city": "Bridgewater", "state": "CT", "postalCode": "97562", "country": "USA", "salesRep": "George Vanauf", "creditLimit": 84300.0, "payments": [{"checkNumber": "CITI3434344", "paymentDate": {"$date":"2005-05-19T00:00:00.000Z"}, "amount": 28500.78}, {"checkNumber": "IO448913", "paymentDate": {"$date":"2003-11-19T00:00:00.000Z"}, "amount": 24879.08}, {"checkNumber": "PI15215", "paymentDate": {"$date":"2004-07-10T00:00:00.000Z"}, "amount": 42044.77}]},
{"_id": 202, "customerName": "Canadian Gift Exchange Network", "contactLastName": "Tamuri", "contactFirstName": "Yoshi ", "phone": "(604) 555-3392", "addressLine1": "1900 Oak St.", "addressLine2": null, "city": "Vancouver", "state": "BC", "postalCode": "V3F 2K1", "country": "Canada", "salesRep": "George Vanauf", "creditLimit": 90300.0, "payments": [{"checkNumber": "HI358554", "paymentDate": {"$date":"2003-12-18T00:00:00.000Z"}, "amount": 36527.61}, {"checkNumber": "IQ627690", "paymentDate": {"$date":"2004-11-08T00:00:00.000Z"}, "amount": 33594.58}]},
{"_id": 260, "customerName": "Royal Canadian Collectables, Ltd.", "contactLastName": "Lincoln", "contactFirstName": "Elizabeth ", "phone": "(604) 555-4555", "addressLine1": "23 Tsawassen Blvd.", "addressLine2": null, "city": "Tsawassen", "state": "BC", "postalCode": "T2F 8M4", "country": "Canada", "salesRep": "George Vanauf", "creditLimit": 89600.0, "payments": [{"checkNumber": "IO164641", "paymentDate": {"$date":"2004-08-30T00:00:00.000Z"}, "amount": 37527.58}, {"checkNumber": "NH776924", "paymentDate": {"$date":"2004-04-24T00:00:00.000Z"}, "amount": 29284.42}]},
{"_id": 319, "customerName": "Mini Classics", "contactLastName": "Frick", "contactFirstName": "Steve", "phone": "9145554562", "addressLine1": "3758 North Pendale Street", "addressLine2": null, "city": "White Plains", "state": "NY", "postalCode": "24067", "country": "USA", "salesRep": "George Vanauf", "creditLimit": 102700.0, "payments": [{"checkNumber": "HL685576", "paymentDate": {"$date":"2004-11-06T00:00:00.000Z"}, "amount": 42339.76}, {"checkNumber": "OM548174", "paymentDate": {"$date":"2003-12-07T00:00:00.000Z"}, "amount": 36092.4}]},
{"_id": 328, "customerName": "Tekni Collectables Inc.", "contactLastName": "Brown", "contactFirstName": "William", "phone": "2015559350", "addressLine1": "7476 Moss Rd.", "addressLine2": null, "city": "Newark", "state": "NJ", "postalCode": "94019", "country": "USA", "salesRep": "George Vanauf", "creditLimit": 43000.0, "payments": [{"checkNumber": "EN930356", "paymentDate": {"$date":"2004-04-16T00:00:00.000Z"}, "amount": 7178.66}, {"checkNumber": "NR631421", "paymentDate": {"$date":"2004-05-30T00:00:00.000Z"}, "amount": 31102.85}]},
{"_id": 447, "customerName": "Gift Ideas Corp.", "contactLastName": "Lewis", "contactFirstName": "Dan", "phone": "2035554407", "addressLine1": "2440 Pompton St.", "addressLine2": null, "city": "Glendale", "state": "CT", "postalCode": "97561", "country": "USA", "salesRep": "George Vanauf", "creditLimit": 49700.0, "payments": [{"checkNumber": "AO757239", "paymentDate": {"$date":"2003-09-15T00:00:00.000Z"}, "amount": 6631.36}, {"checkNumber": "ER615123", "paymentDate": {"$date":"2003-06-25T00:00:00.000Z"}, "amount": 17032.29}, {"checkNumber": "OU516561", "paymentDate": {"$date":"2004-12-17T00:00:00.000Z"}, "amount": 26304.13}]},
{"_id": 486, "customerName": "Motor Mint Distributors Inc.", "contactLastName": "Salazar", "contactFirstName": "Rosa", "phone": "2155559857", "addressLine1": "11328 Douglas Av.", "addressLine2": null, "city": "Philadelphia", "state": "PA", "postalCode": "71270", "country": "USA", "salesRep": "George Vanauf", "creditLimit": 72600.0, "payments": [{"checkNumber": "BL66528", "paymentDate": {"$date":"2004-04-14T00:00:00.000Z"}, "amount": 5899.38}, {"checkNumber": "HS86661", "paymentDate": {"$date":"2004-11-23T00:00:00.000Z"}, "amount": 45994.07}, {"checkNumber": "JB117768", "paymentDate": {"$date":"2003-03-20T00:00:00.000Z"}, "amount": 25833.14}]},
{"_id": 146, "customerName": "Saveley & Henriot, Co.", "contactLastName": "Saveley", "contactFirstName": "Mary ", "phone": "78.32.5555", "addressLine1": "2, rue du Commerce", "addressLine2": null, "city": "Lyon", "state": null, "postalCode": "69004", "country": "France", "salesRep": "Loui Bondur", "creditLimit": 123900.0, "payments": [{"checkNumber": "FP549817", "paymentDate": {"$date":"2004-03-18T00:00:00.000Z"}, "amount": 40978.53}, {"checkNumber": "FU793410", "paymentDate": {"$date":"2004-01-16T00:00:00.000Z"}, "amount": 49614.72}, {"checkNumber": "LJ160635", "paymentDate": {"$date":"2003-12-10T00:00:00.000Z"}, "amount": 39712.1}]},
{"_id": 172, "customerName": "La Corne D'abondance, Co.", "contactLastName": "Bertrand", "contactFirstName": "Marie", "phone": "(1) 42.34.2555", "addressLine1": "265, boulevard Charonne", "addressLine2": null, "city": "Paris", "state": null, "postalCode": "75012", "country": "France", "salesRep": "Loui Bondur", "creditLimit": 84300.0, "payments": [{"checkNumber": "AD832091", "paymentDate": {"$date":"2004-09-09T00:00:00.000Z"}, "amount": 1960.8}, {"checkNumber": "CE51751", "paymentDate": {"$date":"2004-12-04T00:00:00.000Z"}, "amount": 51209.58}, {"checkNumber": "EH208589", "paymentDate": {"$date":"2003-04-20T00:00:00.000Z"}, "amount": 33383.14}]},
{"_id": 250, "customerName": "Lyon Souveniers", "contactLastName": "Da Silva", "contactFirstName": "Daniel", "phone": "+33 1 46 62 7555", "addressLine1": "27 rue du Colonel Pierre Avia", "addressLine2": null, "city": "Paris", "state": null, "postalCode": "75508", "country": "France", "salesRep": "Loui Bondur", "creditLimit": 68100.0, "payments": [{"checkNumber": "EQ12267", "paymentDate": {"$date":"2005-05-17T00:00:00.000Z"}, "amount": 17928.09}, {"checkNumber": "HD284647", "paymentDate": {"$date":"2004-12-30T00:00:00.000Z"}, "amount": 26311.63}, {"checkNumber": "HN114306", "paymentDate": {"$date":"2003-07-18T00:00:00.000Z"}, "amount": 23419.47}]},
{"_id": 350, "customerName": "Marseille Mini Autos", "contactLastName": "Lebihan", "contactFirstName": "Laurence ", "phone": "91.24.4555", "addressLine1": "12, rue des Bouchers", "addressLine2": null, "city": "Marseille", "state": null, "postalCode": "13008", "country": "France", "salesRep": "Loui Bondur", "creditLimit": 65000.0, "payments": [{"checkNumber": "BQ602907", "paymentDate": {"$date":"2004-12-11T00:00:00.000Z"}, "amount": 18888.31}, {"checkNumber": "CI471510", "paymentDate": {"$date":"2003-05-25T00:00:00.000Z"}, "amount": 50824.66}, {"checkNumber": "OB648482", "paymentDate": {"$date":"2005-01-29T00:00:00.000Z"}, "amount": 1834.56}]},
{"_id": 353, "customerName": "Reims Collectables", "contactLastName": "Henriot", "contactFirstName": "Paul ", "phone": "26.47.1555", "addressLine1": "59 rue de l'Abbaye", "addressLine2": null, "city": "Reims", "state": null, "postalCode": "51100", "country": "France", "salesRep": "Loui Bondur", "creditLimit": 81100.0, "payments": [{"checkNumber": "CO351193", "paymentDate": {"$date":"2005-01-10T00:00:00.000Z"}, "amount": 49705.52}, {"checkNumber": "ED878227", "paymentDate": {"$date":"2003-07-21T00:00:00.000Z"}, "amount": 13920.26}, {"checkNumber": "GT878649", "paymentDate": {"$date":"2003-05-21T00:00:00.000Z"}, "amount": 16700.47}, {"checkNumber": "HJ618252", "paymentDate": {"$date":"2005-06-09T00:00:00.000Z"}, "amount": 46656.94}]},
{"_id": 406, "customerName": "Auto Canal+ Petit", "contactLastName": "Perrier", "contactFirstName": "Dominique", "phone": "(1) 47.55.6555", "addressLine1": "25, rue Lauriston", "addressLine2": null, "city": "Paris", "state": null, "postalCode": "75016", "country": "France", "salesRep": "Loui Bondur", "creditLimit": 95000.0, "payments": [{"checkNumber": "BJMPR4545", "paymentDate": {"$date":"2005-04-23T00:00:00.000Z"}, "amount": 12190.85}, {"checkNumber": "HJ217687", "paymentDate": {"$date":"2004-01-28T00:00:00.000Z"}, "amount": 49165.16}, {"checkNumber": "NA197101", "paymentDate": {"$date":"2004-06-17T00:00:00.000Z"}, "amount": 25080.96}]},
{"_id": 103, "customerName": "Atelier graphique", "contactLastName": "Schmitt", "contactFirstName": "Carine ", "phone": "40.32.2555", "addressLine1": "54, rue Royale", "addressLine2": null, "city": "Nantes", "state": null, "postalCode": "44000", "country": "France", "salesRep": "Gerard Hernandez", "creditLimit": 21000.0, "payments": [{"checkNumber": "HQ336336", "paymentDate": {"$date":"2004-10-19T00:00:00.000Z"}, "amount": 6066.78}, {"checkNumber": "JM555205", "paymentDate": {"$date":"2003-06-05T00:00:00.000Z"}, "amount": 14571.44}, {"checkNumber": "OM314933", "paymentDate": {"$date":"2004-12-18T00:00:00.000Z"}, "amount": 1676.14}]},
{"_id": 119, "customerName": "La Rochelle Gifts", "contactLastName": "Labrune", "contactFirstName": "Janine ", "phone": "40.67.8555", "addressLine1": "67, rue des Cinquante Otages", "addressLine2": null, "city": "Nantes", "state": null, "postalCode": "44000", "country": "France", "salesRep": "Gerard Hernandez", "creditLimit": 118200.0, "payments": [{"checkNumber": "DB933704", "paymentDate": {"$date":"2004-11-14T00:00:00.000Z"}, "amount": 19501.82}, {"checkNumber": "LN373447", "paymentDate": {"$date":"2004-08-08T00:00:00.000Z"}, "amount": 47924.19}, {"checkNumber": "NG94694", "paymentDate": {"$date":"2005-02-22T00:00:00.000Z"}, "amount": 49523.67}]},
{"_id": 141, "customerName": "Euro+ Shopping Channel", "contactLastName": "Freyre", "contactFirstName": "Diego ", "phone": "(91) 555 94 44", "addressLine1": "C/ Moralzarzal, 86", "addressLine2": null, "city": "Madrid", "state": null, "postalCode": "28034", "country": "Spain", "salesRep": "Gerard Hernandez", "creditLimit": 227600.0, "payments": [{"checkNumber": "AU364101", "paymentDate": {"$date":"2003-07-19T00:00:00.000Z"}, "amount": 36251.03}, {"checkNumber": "DB583216", "paymentDate": {"$date":"2004-11-01T00:00:00.000Z"}, "amount": 36140.38}, {"checkNumber": "DL460618", "paymentDate": {"$date":"2005-05-19T00:00:00.000Z"}, "amount": 46895.48}, {"checkNumber": "HJ32686", "paymentDate": {"$date":"2004-01-30T00:00:00.000Z"}, "amount": 59830.55}, {"checkNumber": "ID10962", "paymentDate": {"$date":"2004-12-31T00:00:00.000Z"}, "amount": 116208.4}, {"checkNumber": "IN446258", "paymentDate": {"$date":"2005-03-25T00:00:00.000Z"}, "amount": 65071.26}, {"checkNumber": "JE105477", "paymentDate": {"$date":"2005-03-18T00:00:00.000Z"}, "amount": 120166.58}, {"checkNumber": "JN355280", "paymentDate": {"$date":"2003-10-26T00:00:00.000Z"}, "amount": 49539.37}, {"checkNumber": "JN722010", "paymentDate": {"$date":"2003-02-25T00:00:00.000Z"}, "amount": 40206.2}, {"checkNumber": "KT52578", "paymentDate": {"$date":"2003-12-09T00:00:00.000Z"}, "amount": 63843.55}, {"checkNumber": "MC46946", "paymentDate": {"$date":"2004-07-09T00:00:00.000Z"}, "amount": 35420.74}, {"checkNumber": "MF629602", "paymentDate": {"$date":"2004-08-16T00:00:00.000Z"}, "amount": 20009.53}, {"checkNumber": "NU627706", "paymentDate": {"$date":"2004-05-17T00:00:00.000Z"}, "amount": 26155.91}]},
{"_id": 171, "customerName": "Daedalus Designs Imports", "contactLastName": "Ranc\u00e9", "contactFirstName": "Martine ", "phone": "20.16.1555", "addressLine1": "184, chauss\u00e9e de Tournai", "addressLine2": null, "city": "Lille", "state": null, "postalCode": "59000", "country": "France", "salesRep": "Gerard Hernandez", "creditLimit": 82900.0, "payments": [{"checkNumber": "GB878038", "paymentDate": {"$date":"2004-03-15T00:00:00.000Z"}, "amount": 18997.89}, {"checkNumber": "IL104425", "paymentDate": {"$date":"2003-11-22T00:00:00.000Z"}, "amount": 42783.81}]},
{"_id": 209, "customerName": "Mini Caravy", "contactLastName": "Citeaux", "contactFirstName": "Fr\u00e9d\u00e9rique ", "phone": "88.60.1555", "addressLine1": "24, place Kl\u00e9ber", "addressLine2": null, "city": "Strasbourg", "state": null, "postalCode": "67000", "country": "France", "salesRep": "Gerard Hernandez", "creditLimit": 53800.0, "payments": [{"checkNumber": "BOAF82044", "paymentDate": {"$date":"2005-05-03T00:00:00.000Z"}, "amount": 35157.75}, {"checkNumber": "ED520529", "paymentDate": {"$date":"2004-06-21T00:00:00.000Z"}, "amount": 4632.31}, {"checkNumber": "PH785937", "paymentDate": {"$date":"2004-05-04T00:00:00.000Z"}, "amount": 36069.26}]},
{"_id": 242, "customerName": "Alpha Cognac", "contactLastName": "Roulet", "contactFirstName": "Annette ", "phone": "61.77.6555", "addressLine1": "1 rue Alsace-Lorraine", "addressLine2": null, "city": "Toulouse", "state": null, "postalCode": "31000", "country": "France", "salesRep": "Gerard Hernandez", "creditLimit": 61100.0, "payments": [{"checkNumber": "AF40894", "paymentDate": {"$date":"2003-11-22T00:00:00.000Z"}, "amount": 33818.34}, {"checkNumber": "HR224331", "paymentDate": {"$date":"2005-06-03T00:00:00.000Z"}, "amount": 12432.32}, {"checkNumber": "KI744716", "paymentDate": {"$date":"2003-07-21T00:00:00.000Z"}, "amount": 14232.7}]},
{"_id": 256, "customerName": "Auto Associ\u00e9s & Cie.", "contactLastName": "Tonini", "contactFirstName": "Daniel ", "phone": "30.59.8555", "addressLine1": "67, avenue de l'Europe", "addressLine2": null, "city": "Versailles", "state": null, "postalCode": "78000", "country": "France", "salesRep": "Gerard Hernandez", "creditLimit": 77900.0, "payments": [{"checkNumber": "EP227123", "paymentDate": {"$date":"2004-02-10T00:00:00.000Z"}, "amount": 5759.42}, {"checkNumber": "HE84936", "paymentDate": {"$date":"2004-10-22T00:00:00.000Z"}, "amount": 53116.99}]},
{"_id": 145, "customerName": "Danish Wholesale Imports", "contactLastName": "Petersen", "contactFirstName": "Jytte ", "phone": "31 12 3555", "addressLine1": "Vinb\u00e6ltet 34", "addressLine2": null, "city": "Kobenhavn", "state": null, "postalCode": "1734", "country": "Denmark", "salesRep": "Pamela Castillo", "creditLimit": 83400.0, "payments": [{"checkNumber": "CN328545", "paymentDate": {"$date":"2004-07-03T00:00:00.000Z"}, "amount": 4710.73}, {"checkNumber": "ED39322", "paymentDate": {"$date":"2004-04-26T00:00:00.000Z"}, "amount": 28211.7}, {"checkNumber": "HR182688", "paymentDate": {"$date":"2004-12-01T00:00:00.000Z"}, "amount": 20564.86}, {"checkNumber": "JJ246391", "paymentDate": {"$date":"2003-02-20T00:00:00.000Z"}, "amount": 53959.21}]},
{"_id": 227, "customerName": "Heintze Collectables", "contactLastName": "Ibsen", "contactFirstName": "Palle", "phone": "86 21 3555", "addressLine1": "Smagsloget 45", "addressLine2": null, "city": "\u00c5rhus", "state": null, "postalCode": "8200", "country": "Denmark", "salesRep": "Pamela Castillo", "creditLimit": 120800.0, "payments": [{"checkNumber": "MQ413968", "paymentDate": {"$date":"2003-10-31T00:00:00.000Z"}, "amount": 36164.46}, {"checkNumber": "NU21326", "paymentDate": {"$date":"2004-11-02T00:00:00.000Z"}, "amount": 53745.34}]},
{"_id": 249, "customerName": "Amica Models & Co.", "contactLastName": "Accorti", "contactFirstName": "Paolo ", "phone": "011-4988555", "addressLine1": "Via Monte Bianco 34", "addressLine2": null, "city": "Torino", "state": null, "postalCode": "10100", "country": "Italy", "salesRep": "Pamela Castillo", "creditLimit": 113000.0, "payments": [{"checkNumber": "IJ399820", "paymentDate": {"$date":"2004-09-19T00:00:00.000Z"}, "amount": 33924.24}, {"checkNumber": "NE404084", "paymentDate": {"$date":"2004-09-04T00:00:00.000Z"}, "amount": 48298.99}]},
{"_id": 278, "customerName": "Rovelli Gifts", "contactLastName": "Rovelli", "contactFirstName": "Giovanni ", "phone": "035-640555", "addressLine1": "Via Ludovico il Moro 22", "addressLine2": null, "city": "Bergamo", "state": null, "postalCode": "24100", "country": "Italy", "salesRep": "Pamela Castillo", "creditLimit": 119600.0, "payments": [{"checkNumber": "BJ483870", "paymentDate": {"$date":"2004-12-05T00:00:00.000Z"}, "amount": 37654.09}, {"checkNumber": "GP636783", "paymentDate": {"$date":"2003-03-02T00:00:00.000Z"}, "amount": 52151.81}, {"checkNumber": "NI983021", "paymentDate": {"$date":"2003-11-24T00:00:00.000Z"}, "amount": 37723.79}]},
{"_id": 314, "customerName": "Petit Auto", "contactLastName": "Dewey", "contactFirstName": "Catherine ", "phone": "(02) 5554 67", "addressLine1": "Rue Joseph-Bens 532", "addressLine2": null, "city": "Bruxelles", "state": null, "postalCode": "B-1180", "country": "Belgium", "salesRep": "Pamela Castillo", "creditLimit": 79900.0, "payments": [{"checkNumber": "LQ244073", "paymentDate": {"$date":"2004-08-09T00:00:00.000Z"}, "amount": 45352.47}, {"checkNumber": "MD809704", "paymentDate": {"$date":"2004-03-03T00:00:00.000Z"}, "amount": 16901.38}]},
{"_id": 381, "customerName": "Royale Belge", "contactLastName": "Cartrain", "contactFirstName": "Pascale ", "phone": "(071) 23 67 2555", "addressLine1": "Boulevard Tirou, 255", "addressLine2": null, "city": "Charleroi", "state": null, "postalCode": "B-6000", "country": "Belgium", "salesRep": "Pamela Castillo", "creditLimit": 23500.0, "payments": [{"checkNumber": "BC726082", "paymentDate": {"$date":"2004-12-03T00:00:00.000Z"}, "amount": 12081.52}, {"checkNumber": "CC475233", "paymentDate": {"$date":"2003-04-19T00:00:00.000Z"}, "amount": 1627.56}, {"checkNumber": "GB117430", "paymentDate": {"$date":"2005-02-03T00:00:00.000Z"}, "amount": 14379.9}, {"checkNumber": "MS154481", "paymentDate": {"$date":"2003-08-22T00:00:00.000Z"}, "amount": 1128.2}]},
{"_id": 382, "customerName": "Salzburg Collectables", "contactLastName": "Pipps", "contactFirstName": "Georg ", "phone": "6562-9555", "addressLine1": "Geislweg 14", "addressLine2": null, "city": "Salzburg", "state": null, "postalCode": "5020", "country": "Austria", "salesRep": "Pamela Castillo", "creditLimit": 71700.0, "payments": [{"checkNumber": "CC871084", "paymentDate": {"$date":"2003-05-12T00:00:00.000Z"}, "amount": 35826.33}, {"checkNumber": "CT821147", "paymentDate": {"$date":"2004-08-01T00:00:00.000Z"}, "amount": 6419.84}, {"checkNumber": "PH29054", "paymentDate": {"$date":"2004-11-27T00:00:00.000Z"}, "amount": 42813.83}]},
{"_id": 386, "customerName": "L'ordine Souveniers", "contactLastName": "Moroni", "contactFirstName": "Maurizio ", "phone": "0522-556555", "addressLine1": "Strada Provinciale 124", "addressLine2": null, "city": "Reggio Emilia", "state": null, "postalCode": "42100", "country": "Italy", "salesRep": "Pamela Castillo", "creditLimit": 121400.0, "payments": [{"checkNumber": "DO106109", "paymentDate": {"$date":"2003-11-18T00:00:00.000Z"}, "amount": 38524.29}, {"checkNumber": "HG438769", "paymentDate": {"$date":"2004-07-18T00:00:00.000Z"}, "amount": 51619.02}]},
{"_id": 452, "customerName": "Mini Auto Werke", "contactLastName": "Mendel", "contactFirstName": "Roland ", "phone": "7675-3555", "addressLine1": "Kirchgasse 6", "addressLine2": null, "city": "Graz", "state": null, "postalCode": "8010", "country": "Austria", "salesRep": "Pamela Castillo", "creditLimit": 45300.0, "payments": [{"checkNumber": "ED473873", "paymentDate": {"$date":"2003-11-15T00:00:00.000Z"}, "amount": 27121.9}, {"checkNumber": "FN640986", "paymentDate": {"$date":"2003-11-20T00:00:00.000Z"}, "amount": 15130.97}, {"checkNumber": "HG635467", "paymentDate": {"$date":"2005-05-03T00:00:00.000Z"}, "amount": 8807.12}]},
{"_id": 473, "customerName": "Frau da Collezione", "contactLastName": "Ricotti", "contactFirstName": "Franco", "phone": "+39 022515555", "addressLine1": "20093 Cologno Monzese", "addressLine2": "Alessandro Volta 16", "city": "Milan", "state": null, "postalCode": null, "country": "Italy", "salesRep": "Pamela Castillo", "creditLimit": 34800.0, "payments": [{"checkNumber": "LL427009", "paymentDate": {"$date":"2004-02-17T00:00:00.000Z"}, "amount": 7612.06}, {"checkNumber": "PC688499", "paymentDate": {"$date":"2003-10-27T00:00:00.000Z"}, "amount": 17746.26}]},
{"_id": 186, "customerName": "Toys of Finland, Co.", "contactLastName": "Karttunen", "contactFirstName": "Matti", "phone": "90-224 8555", "addressLine1": "Keskuskatu 45", "addressLine2": null, "city": "Helsinki", "state": null, "postalCode": "21240", "country": "Finland", "salesRep": "Larry Bott", "creditLimit": 96500.0, "payments": [{"checkNumber": "AE192287", "paymentDate": {"$date":"2005-03-10T00:00:00.000Z"}, "amount": 23602.9}, {"checkNumber": "AK412714", "paymentDate": {"$date":"2003-10-27T00:00:00.000Z"}, "amount": 37602.48}, {"checkNumber": "KA602407", "paymentDate": {"$date":"2004-10-21T00:00:00.000Z"}, "amount": 34341.08}]},
{"_id": 187, "customerName": "AV Stores, Co.", "contactLastName": "Ashworth", "contactFirstName": "Rachel", "phone": "(171) 555-1555", "addressLine1": "Fauntleroy Circus", "addressLine2": null, "city": "Manchester", "state": null, "postalCode": "EC2 5NT", "country": "UK", "salesRep": "Larry Bott", "creditLimit": 136800.0, "payments": [{"checkNumber": "AM968797", "paymentDate": {"$date":"2004-11-03T00:00:00.000Z"}, "amount": 52825.29}, {"checkNumber": "BQ39062", "paymentDate": {"$date":"2004-12-08T00:00:00.000Z"}, "amount": 47159.11}, {"checkNumber": "KL124726", "paymentDate": {"$date":"2003-03-27T00:00:00.000Z"}, "amount": 48425.69}]},
{"_id": 201, "customerName": "UK Collectables, Ltd.", "contactLastName": "Devon", "contactFirstName": "Elizabeth", "phone": "(171) 555-2282", "addressLine1": "12, Berkeley Gardens Blvd", "addressLine2": null, "city": "Liverpool", "state": null, "postalCode": "WX1 6LT", "country": "UK", "salesRep": "Larry Bott", "creditLimit": 92700.0, "payments": [{"checkNumber": "DP677013", "paymentDate": {"$date":"2003-10-20T00:00:00.000Z"}, "amount": 23908.24}, {"checkNumber": "OO846801", "paymentDate": {"$date":"2004-06-15T00:00:00.000Z"}, "amount": 37258.94}]},
{"_id": 240, "customerName": "giftsbymail.co.uk", "contactLastName": "Bennett", "contactFirstName": "Helen ", "phone": "(198) 555-8888", "addressLine1": "Garden House", "addressLine2": "Crowther Way 23", "city": "Cowes", "state": "Isle of Wight", "postalCode": "PO31 7PJ", "country": "UK", "salesRep": "Larry Bott", "creditLimit": 93900.0, "payments": [{"checkNumber": "IF245157", "paymentDate": {"$date":"2004-11-16T00:00:00.000Z"}, "amount": 46788.14}, {"checkNumber": "JO719695", "paymentDate": {"$date":"2004-03-28T00:00:00.000Z"}, "amount": 24995.61}]},
{"_id": 311, "customerName": "Oulu Toy Supplies, Inc.", "contactLastName": "Koskitalo", "contactFirstName": "Pirkko", "phone": "981-443655", "addressLine1": "Torikatu 38", "addressLine2": null, "city": "Oulu", "state": null, "postalCode": "90110", "country": "Finland", "salesRep": "Larry Bott", "creditLimit": 90500.0, "payments": [{"checkNumber": "DG336041", "paymentDate": {"$date":"2005-02-15T00:00:00.000Z"}, "amount": 46770.52}, {"checkNumber": "FA728475", "paymentDate": {"$date":"2003-10-06T00:00:00.000Z"}, "amount": 32723.04}, {"checkNumber": "NQ966143", "paymentDate": {"$date":"2004-04-25T00:00:00.000Z"}, "amount": 16212.59}]},
{"_id": 324, "customerName": "Stylish Desk Decors, Co.", "contactLastName": "Brown", "contactFirstName": "Ann ", "phone": "(171) 555-0297", "addressLine1": "35 King George", "addressLine2": null, "city": "London", "state": null, "postalCode": "WX3 6FW", "country": "UK", "salesRep": "Larry Bott", "creditLimit": 77000.0, "payments": [{"checkNumber": "DQ409197", "paymentDate": {"$date":"2004-12-13T00:00:00.000Z"}, "amount": 13671.82}, {"checkNumber": "FP443161", "paymentDate": {"$date":"2003-07-07T00:00:00.000Z"}, "amount": 29429.14}, {"checkNumber": "HB150714", "paymentDate": {"$date":"2003-11-23T00:00:00.000Z"}, "amount": 37455.77}]},
{"_id": 334, "customerName": "Suominen Souveniers", "contactLastName": "Suominen", "contactFirstName": "Kalle", "phone": "+358 9 8045 555", "addressLine1": "Software Engineering Center", "addressLine2": "SEC Oy", "city": "Espoo", "state": null, "postalCode": "FIN-02271", "country": "Finland", "salesRep": "Larry Bott", "creditLimit": 98800.0, "payments": [{"checkNumber": "CS435306", "paymentDate": {"$date":"2005-01-27T00:00:00.000Z"}, "amount": 45785.34}, {"checkNumber": "HH517378", "paymentDate": {"$date":"2003-08-16T00:00:00.000Z"}, "amount": 29716.86}, {"checkNumber": "LF737277", "paymentDate": {"$date":"2004-05-22T00:00:00.000Z"}, "amount": 28394.54}]},
{"_id": 489, "customerName": "Double Decker Gift Stores, Ltd", "contactLastName": "Smith", "contactFirstName": "Thomas ", "phone": "(171) 555-7555", "addressLine1": "120 Hanover Sq.", "addressLine2": null, "city": "London", "state": null, "postalCode": "WA1 1DP", "country": "UK", "salesRep": "Larry Bott", "creditLimit": 43300.0, "payments": [{"checkNumber": "OC773849", "paymentDate": {"$date":"2003-12-04T00:00:00.000Z"}, "amount": 22275.73}, {"checkNumber": "PO860906", "paymentDate": {"$date":"2004-01-31T00:00:00.000Z"}, "amount": 7310.42}]},
{"_id": 121, "customerName": "Baane Mini Imports", "contactLastName": "Bergulfsen", "contactFirstName": "Jonas ", "phone": "07-98 9555", "addressLine1": "Erling Skakkes gate 78", "addressLine2": null, "city": "Stavern", "state": null, "postalCode": "4110", "country": "Norway", "salesRep": "Barry Jones", "creditLimit": 81700.0, "payments": [{"checkNumber": "DB889831", "paymentDate": {"$date":"2003-02-16T00:00:00.000Z"}, "amount": 50218.95}, {"checkNumber": "FD317790", "paymentDate": {"$date":"2003-10-28T00:00:00.000Z"}, "amount": 1491.38}, {"checkNumber": "KI831359", "paymentDate": {"$date":"2004-11-04T00:00:00.000Z"}, "amount": 17876.32}, {"checkNumber": "MA302151", "paymentDate": {"$date":"2004-11-28T00:00:00.000Z"}, "amount": 34638.14}]},
{"_id": 128, "customerName": "Blauer See Auto, Co.", "contactLastName": "Keitel", "contactFirstName": "Roland", "phone": "+49 69 66 90 2555", "addressLine1": "Lyonerstr. 34", "addressLine2": null, "city": "Frankfurt", "state": null, "postalCode": "60528", "country": "Germany", "salesRep": "Barry Jones", "creditLimit": 59700.0, "payments": [{"checkNumber": "DI925118", "paymentDate": {"$date":"2003-01-28T00:00:00.000Z"}, "amount": 10549.01}, {"checkNumber": "FA465482", "paymentDate": {"$date":"2003-10-18T00:00:00.000Z"}, "amount": 24101.81}, {"checkNumber": "FH668230", "paymentDate": {"$date":"2004-03-24T00:00:00.000Z"}, "amount": 33820.62}, {"checkNumber": "IP383901", "paymentDate": {"$date":"2004-11-18T00:00:00.000Z"}, "amount": 7466.32}]},
{"_id": 144, "customerName": "Volvo Model Replicas, Co", "contactLastName": "Berglund", "contactFirstName": "Christina ", "phone": "0921-12 3555", "addressLine1": "Berguvsv\u00e4gen  8", "addressLine2": null, "city": "Lule\u00e5", "state": null, "postalCode": "S-958 22", "country": "Sweden", "salesRep": "Barry Jones", "creditLimit": 53100.0, "payments": [{"checkNumber": "IR846303", "paymentDate": {"$date":"2004-12-12T00:00:00.000Z"}, "amount": 36005.71}, {"checkNumber": "LA685678", "paymentDate": {"$date":"2003-04-09T00:00:00.000Z"}, "amount": 7674.94}]},
{"_id": 167, "customerName": "Herkku Gifts", "contactLastName": "Oeztan", "contactFirstName": "Veysel", "phone": "+47 2267 3215", "addressLine1": "Brehmen St. 121", "addressLine2": "PR 334 Sentrum", "city": "Bergen", "state": null, "postalCode": "N 5804", "country": "Norway  ", "salesRep": "Barry Jones", "creditLimit": 96800.0, "payments": [{"checkNumber": "ED743615", "paymentDate": {"$date":"2004-09-19T00:00:00.000Z"}, "amount": 12538.01}, {"checkNumber": "GN228846", "paymentDate": {"$date":"2003-12-03T00:00:00.000Z"}, "amount": 85024.46}]},
{"_id": 189, "customerName": "Clover Collections, Co.", "contactLastName": "Cassidy", "contactFirstName": "Dean", "phone": "+353 1862 1555", "addressLine1": "25 Maiden Lane", "addressLine2": "Floor No. 4", "city": "Dublin", "state": null, "postalCode": "2", "country": "Ireland", "salesRep": "Barry Jones", "creditLimit": 69400.0, "payments": [{"checkNumber": "BO711618", "paymentDate": {"$date":"2004-10-03T00:00:00.000Z"}, "amount": 17359.53}, {"checkNumber": "NM916675", "paymentDate": {"$date":"2004-03-01T00:00:00.000Z"}, "amount": 32538.74}]},
{"_id": 259, "customerName": "Toms Spezialit\u00e4ten, Ltd", "contactLastName": "Pfalzheim", "contactFirstName": "Henriette ", "phone": "0221-5554327", "addressLine1": "Mehrheimerstr. 369", "addressLine2": null, "city": "K\u00f6ln", "state": null, "postalCode": "50739", "country": "Germany", "salesRep": "Barry Jones", "creditLimit": 120400.0, "payments": [{"checkNumber": "EU280955", "paymentDate": {"$date":"2004-11-06T00:00:00.000Z"}, "amount": 61234.67}, {"checkNumber": "GB361972", "paymentDate": {"$date":"2003-12-07T00:00:00.000Z"}, "amount": 27988.47}]},
{"_id": 299, "customerName": "Norway Gifts By Mail, Co.", "contactLastName": "Klaeboe", "contactFirstName": "Jan", "phone": "+47 2212 1555", "addressLine1": "Drammensveien 126A", "addressLine2": "PB 211 Sentrum", "city": "Oslo", "state": null, "postalCode": "N 0106", "country": "Norway  ", "salesRep": "Barry Jones", "creditLimit": 95100.0, "payments": [{"checkNumber": "AD304085", "paymentDate": {"$date":"2003-10-24T00:00:00.000Z"}, "amount": 36798.88}, {"checkNumber": "NR157385", "paymentDate": {"$date":"2004-09-05T00:00:00.000Z"}, "amount": 32260.16}]},
{"_id": 415, "customerName": "Bavarian Collectables Imports, Co.", "contactLastName": "Donnermeyer", "contactFirstName": "Michael", "phone": " +49 89 61 08 9555", "addressLine1": "Hansastr. 15", "addressLine2": null, "city": "Munich", "state": null, "postalCode": "80686", "country": "Germany", "salesRep": "Barry Jones", "creditLimit": 77000.0, "payments": [{"checkNumber": "ER54537", "paymentDate": {"$date":"2004-09-28T00:00:00.000Z"}, "amount": 31310.09}]},
{"_id": 448, "customerName": "Scandinavian Gift Ideas", "contactLastName": "Larsson", "contactFirstName": "Martha", "phone": "0695-34 6555", "addressLine1": "\u00c5kergatan 24", "addressLine2": null, "city": "Br\u00e4cke", "state": null, "postalCode": "S-844 67", "country": "Sweden", "salesRep": "Barry Jones", "creditLimit": 116400.0, "payments": [{"checkNumber": "FS299615", "paymentDate": {"$date":"2005-04-18T00:00:00.000Z"}, "amount": 27966.54}, {"checkNumber": "KR822727", "paymentDate": {"$date":"2004-09-30T00:00:00.000Z"}, "amount": 48809.9}]},
{"_id": 114, "customerName": "Australian Collectors, Co.", "contactLastName": "Ferguson", "contactFirstName": "Peter", "phone": "03 9520 4555", "addressLine1": "636 St Kilda Road", "addressLine2": "Level 3", "city": "Melbourne", "state": "Victoria", "postalCode": "3004", "country": "Australia", "salesRep": "Andy Fixter", "creditLimit": 117300.0, "payments": [{"checkNumber": "GG31455", "paymentDate": {"$date":"2003-05-20T00:00:00.000Z"}, "amount": 45864.03}, {"checkNumber": "MA765515", "paymentDate": {"$date":"2004-12-15T00:00:00.000Z"}, "amount": 82261.22}, {"checkNumber": "NP603840", "paymentDate": {"$date":"2003-05-31T00:00:00.000Z"}, "amount": 7565.08}, {"checkNumber": "NR27552", "paymentDate": {"$date":"2004-03-10T00:00:00.000Z"}, "amount": 44894.74}]},
{"_id": 276, "customerName": "Anna's Decorations, Ltd", "contactLastName": "O'Hara", "contactFirstName": "Anna", "phone": "02 9936 8555", "addressLine1": "201 Miller Street", "addressLine2": "Level 15", "city": "North Sydney", "state": "NSW", "postalCode": "2060", "country": "Australia", "salesRep": "Andy Fixter", "creditLimit": 107800.0, "payments": [{"checkNumber": "EM979878", "paymentDate": {"$date":"2005-02-09T00:00:00.000Z"}, "amount": 27083.78}, {"checkNumber": "KM841847", "paymentDate": {"$date":"2003-11-13T00:00:00.000Z"}, "amount": 38547.19}, {"checkNumber": "LE432182", "paymentDate": {"$date":"2003-09-28T00:00:00.000Z"}, "amount": 41554.73}, {"checkNumber": "OJ819725", "paymentDate": {"$date":"2005-04-30T00:00:00.000Z"}, "amount": 29848.52}]},
{"_id": 282, "customerName": "Souveniers And Things Co.", "contactLastName": "Huxley", "contactFirstName": "Adrian", "phone": "+61 2 9495 8555", "addressLine1": "Monitor Money Building", "addressLine2": "815 Pacific Hwy", "city": "Chatswood", "state": "NSW", "postalCode": "2067", "country": "Australia", "salesRep": "Andy Fixter", "creditLimit": 93300.0, "payments": [{"checkNumber": "IA793562", "paymentDate": {"$date":"2003-08-03T00:00:00.000Z"}, "amount": 24013.52}, {"checkNumber": "JT819493", "paymentDate": {"$date":"2004-08-02T00:00:00.000Z"}, "amount": 35806.73}, {"checkNumber": "OD327378", "paymentDate": {"$date":"2005-01-03T00:00:00.000Z"}, "amount": 31835.36}]},
{"_id": 333, "customerName": "Australian Gift Network, Co", "contactLastName": "Calaghan", "contactFirstName": "Ben", "phone": "61-7-3844-6555", "addressLine1": "31 Duncan St. West End", "addressLine2": null, "city": "South Brisbane", "state": "Queensland", "postalCode": "4101", "country": "Australia", "salesRep": "Andy Fixter", "creditLimit": 51600.0, "payments": [{"checkNumber": "HL209210", "paymentDate": {"$date":"2003-11-15T00:00:00.000Z"}, "amount": 23936.53}, {"checkNumber": "JK479662", "paymentDate": {"$date":"2003-10-17T00:00:00.000Z"}, "amount": 9821.32}, {"checkNumber": "NF959653", "paymentDate": {"$date":"2005-03-01T00:00:00.000Z"}, "amount": 21432.31}]},
{"_id": 471, "customerName": "Australian Collectables, Ltd", "contactLastName": "Clenahan", "contactFirstName": "Sean", "phone": "61-9-3844-6555", "addressLine1": "7 Allen Street", "addressLine2": null, "city": "Glen Waverly", "state": "Victoria", "postalCode": "3150", "country": "Australia", "salesRep": "Andy Fixter", "creditLimit": 60300.0, "payments": [{"checkNumber": "AB661578", "paymentDate": {"$date":"2004-07-28T00:00:00.000Z"}, "amount": 9415.13}, {"checkNumber": "CO645196", "paymentDate": {"$date":"2003-12-10T00:00:00.000Z"}, "amount": 35505.63}]},
{"_id": 166, "customerName": "Handji Gifts& Co", "contactLastName": "Victorino", "contactFirstName": "Wendy", "phone": "+65 224 1555", "addressLine1": "106 Linden Road Sandown", "addressLine2": "2nd Floor", "city": "Singapore", "state": null, "postalCode": "069045", "country": "Singapore", "salesRep": "Peter Marsh", "creditLimit": 97900.0, "payments": [{"checkNumber": "BQ327613", "paymentDate": {"$date":"2004-09-16T00:00:00.000Z"}, "amount": 38785.48}, {"checkNumber": "DC979307", "paymentDate": {"$date":"2004-07-07T00:00:00.000Z"}, "amount": 44160.92}, {"checkNumber": "LA318629", "paymentDate": {"$date":"2004-02-28T00:00:00.000Z"}, "amount": 22474.17}]},
{"_id": 323, "customerName": "Down Under Souveniers, Inc", "contactLastName": "Graham", "contactFirstName": "Mike", "phone": "+64 9 312 5555", "addressLine1": "162-164 Grafton Road", "addressLine2": "Level 2", "city": "Auckland  ", "state": null, "postalCode": null, "country": "New Zealand", "salesRep": "Peter Marsh", "creditLimit": 88000.0, "payments": [{"checkNumber": "AL493079", "paymentDate": {"$date":"2005-05-23T00:00:00.000Z"}, "amount": 75020.13}, {"checkNumber": "ES347491", "paymentDate": {"$date":"2004-06-24T00:00:00.000Z"}, "amount": 37281.36}, {"checkNumber": "HG738664", "paymentDate": {"$date":"2003-07-05T00:00:00.000Z"}, "amount": 2880.0}, {"checkNumber": "PQ803830", "paymentDate": {"$date":"2004-12-24T00:00:00.000Z"}, "amount": 39440.59}]},
{"_id": 357, "customerName": "GiftsForHim.com", "contactLastName": "MacKinlay", "contactFirstName": "Wales", "phone": "64-9-3763555", "addressLine1": "199 Great North Road", "addressLine2": null, "city": "Auckland", "state": null, "postalCode": null, "country": "New Zealand", "salesRep": "Peter Marsh", "creditLimit": 77700.0, "payments": [{"checkNumber": "AG240323", "paymentDate": {"$date":"2003-12-16T00:00:00.000Z"}, "amount": 20220.04}, {"checkNumber": "NB291497", "paymentDate": {"$date":"2004-05-15T00:00:00.000Z"}, "amount": 36442.34}]},
{"_id": 412, "customerName": "Extreme Desk Decorations, Ltd", "contactLastName": "McRoy", "contactFirstName": "Sarah", "phone": "04 499 9555", "addressLine1": "101 Lambton Quay", "addressLine2": "Level 11", "city": "Wellington", "state": null, "postalCode": null, "country": "New Zealand", "salesRep": "Peter Marsh", "creditLimit": 86800.0, "payments": [{"checkNumber": "GH197075", "paymentDate": {"$date":"2004-07-25T00:00:00.000Z"}, "amount": 35034.57}, {"checkNumber": "PJ434867", "paymentDate": {"$date":"2004-04-14T00:00:00.000Z"}, "amount": 31670.37}]},
{"_id": 496, "customerName": "Kelly's Gift Shop", "contactLastName": "Snowden", "contactFirstName": "Tony", "phone": "+64 9 5555500", "addressLine1": "Arenales 1938 3'A'", "addressLine2": null, "city": "Auckland  ", "state": null, "postalCode": null, "country": "New Zealand", "salesRep": "Peter Marsh", "creditLimit": 110000.0, "payments": [{"checkNumber": "EU531600", "paymentDate": {"$date":"2005-05-25T00:00:00.000Z"}, "amount": 30253.75}, {"checkNumber": "MB342426", "paymentDate": {"$date":"2003-07-16T00:00:00.000Z"}, "amount": 32077.44}, {"checkNumber": "MN89921", "paymentDate": {"$date":"2004-12-31T00:00:00.000Z"}, "amount": 52166.0}]},
{"_id": 148, "customerName": "Dragon Souveniers, Ltd.", "contactLastName": "Natividad", "contactFirstName": "Eric", "phone": "+65 221 7555", "addressLine1": "Bronz Sok.", "addressLine2": "Bronz Apt. 3/6 Tesvikiye", "city": "Singapore", "state": null, "postalCode": "079903", "country": "Singapore", "salesRep": "Mami Nishi", "creditLimit": 103800.0, "payments": [{"checkNumber": "BI507030", "paymentDate": {"$date":"2003-04-22T00:00:00.000Z"}, "amount": 44380.15}, {"checkNumber": "DD635282", "paymentDate": {"$date":"2004-08-11T00:00:00.000Z"}, "amount": 2611.84}, {"checkNumber": "KM172879", "paymentDate": {"$date":"2003-12-26T00:00:00.000Z"}, "amount": 105743.0}, {"checkNumber": "ME497970", "paymentDate": {"$date":"2005-03-27T00:00:00.000Z"}, "amount": 3516.04}]},
{"_id": 177, "customerName": "Osaka Souveniers Co.", "contactLastName": "Kentary", "contactFirstName": "Mory", "phone": "+81 06 6342 5555", "addressLine1": "1-6-20 Dojima", "addressLine2": null, "city": "Kita-ku", "state": "Osaka", "postalCode": " 530-0003", "country": "Japan", "salesRep": "Mami Nishi", "creditLimit": 81200.0, "payments": [{"checkNumber": "AU750837", "paymentDate": {"$date":"2004-04-17T00:00:00.000Z"}, "amount": 15183.63}, {"checkNumber": "CI381435", "paymentDate": {"$date":"2004-01-19T00:00:00.000Z"}, "amount": 47177.59}]},
{"_id": 211, "customerName": "King Kong Collectables, Co.", "contactLastName": "Gao", "contactFirstName": "Mike", "phone": "+852 2251 1555", "addressLine1": "Bank of China Tower", "addressLine2": "1 Garden Road", "city": "Central Hong Kong", "state": null, "postalCode": null, "country": "Hong Kong", "salesRep": "Mami Nishi", "creditLimit": 58600.0, "payments": [{"checkNumber": "BJ535230", "paymentDate": {"$date":"2003-12-09T00:00:00.000Z"}, "amount": 45480.79}]},
{"_id": 385, "customerName": "Cruz & Sons Co.", "contactLastName": "Cruz", "contactFirstName": "Arnold", "phone": "+63 2 555 3587", "addressLine1": "15 McCallum Street", "addressLine2": "NatWest Center #13-03", "city": "Makati City", "state": null, "postalCode": "1227 MM", "country": "Philippines", "salesRep": "Mami Nishi", "creditLimit": 81500.0, "payments": [{"checkNumber": "BN347084", "paymentDate": {"$date":"2003-12-02T00:00:00.000Z"}, "amount": 20644.24}, {"checkNumber": "CP804873", "paymentDate": {"$date":"2004-11-19T00:00:00.000Z"}, "amount": 15822.84}, {"checkNumber": "EK785462", "paymentDate": {"$date":"2003-03-09T00:00:00.000Z"}, "amount": 51001.22}]},
{"_id": 398, "customerName": "Tokyo Collectables, Ltd", "contactLastName": "Shimamura", "contactFirstName": "Akiko", "phone": "+81 3 3584 0555", "addressLine1": "2-2-8 Roppongi", "addressLine2": null, "city": "Minato-ku", "state": "Tokyo", "postalCode": "106-0032", "country": "Japan", "salesRep": "Mami Nishi", "creditLimit": 94400.0, "payments": [{"checkNumber": "AJ478695", "paymentDate": {"$date":"2005-02-14T00:00:00.000Z"}, "amount": 33967.73}, {"checkNumber": "DO787644", "paymentDate": {"$date":"2004-06-21T00:00:00.000Z"}, "amount": 22037.91}, {"checkNumber": "JPMR4544", "paymentDate": {"$date":"2005-05-18T00:00:00.000Z"}, "amount": 615.45}, {"checkNumber": "KB54275", "paymentDate": {"$date":"2004-11-29T00:00:00.000Z"}, "amount": 48927.64}]},
{"_id": 216, "customerName": "Enaco Distributors", "contactLastName": "Saavedra", "contactFirstName": "Eduardo ", "phone": "(93) 203 4555", "addressLine1": "Rambla de Catalu\u00f1a, 23", "addressLine2": null, "city": "Barcelona", "state": null, "postalCode": "08022", "country": "Spain", "salesRep": "Martin Gerard", "creditLimit": 60300.0, "payments": [{"checkNumber": "BG407567", "paymentDate": {"$date":"2003-05-09T00:00:00.000Z"}, "amount": 3101.4}, {"checkNumber": "ML780814", "paymentDate": {"$date":"2004-12-06T00:00:00.000Z"}, "amount": 24945.21}, {"checkNumber": "MM342086", "paymentDate": {"$date":"2003-12-14T00:00:00.000Z"}, "amount": 40473.86}]},
{"_id": 298, "customerName": "Vida Sport, Ltd", "contactLastName": "Holz", "contactFirstName": "Mihael", "phone": "0897-034555", "addressLine1": "Grenzacherweg 237", "addressLine2": null, "city": "Gen\u00e8ve", "state": null, "postalCode": "1203", "country": "Switzerland", "salesRep": "Martin Gerard", "creditLimit": 141300.0, "payments": [{"checkNumber": "AJ574927", "paymentDate": {"$date":"2004-03-13T00:00:00.000Z"}, "amount": 47375.92}, {"checkNumber": "LF501133", "paymentDate": {"$date":"2004-09-18T00:00:00.000Z"}, "amount": 61402.0}]},
{"_id": 344, "customerName": "CAF Imports", "contactLastName": "Fernandez", "contactFirstName": "Jesus", "phone": "+34 913 728 555", "addressLine1": "Merchants House", "addressLine2": "27-30 Merchant's Quay", "city": "Madrid", "state": null, "postalCode": "28023", "country": "Spain", "salesRep": "Martin Gerard", "creditLimit": 59600.0, "payments": [{"checkNumber": "AF246722", "paymentDate": {"$date":"2003-11-24T00:00:00.000Z"}, "amount": 31428.21}, {"checkNumber": "NJ906924", "paymentDate": {"$date":"2004-04-02T00:00:00.000Z"}, "amount": 15322.93}]},
{"_id": 376, "customerName": "Precious Collectables", "contactLastName": "Urs", "contactFirstName": "Braun", "phone": "0452-076555", "addressLine1": "Hauptstr. 29", "addressLine2": null, "city": "Bern", "state": null, "postalCode": "3012", "country": "Switzerland", "salesRep": "Martin Gerard", "creditLimit": 0.0, "payments": []},
{"_id": 458, "customerName": "Corrida Auto Replicas, Ltd", "contactLastName": "Sommer", "contactFirstName": "Mart\u00edn ", "phone": "(91) 555 22 82", "addressLine1": "C/ Araquil, 67", "addressLine2": null, "city": "Madrid", "state": null, "postalCode": "28023", "country": "Spain", "salesRep": "Martin Gerard", "creditLimit": 104600.0, "payments": [{"checkNumber": "DD995006", "paymentDate": {"$date":"2004-11-15T00:00:00.000Z"}, "amount": 33145.56}, {"checkNumber": "NA377824", "paymentDate": {"$date":"2004-02-06T00:00:00.000Z"}, "amount": 22162.61}, {"checkNumber": "OO606861", "paymentDate": {"$date":"2003-06-13T00:00:00.000Z"}, "amount": 57131.92}]},
{"_id": 484, "customerName": "Iberia Gift Imports, Corp.", "contactLastName": "Roel", "contactFirstName": "Jos\u00e9 Pedro ", "phone": "(95) 555 82 82", "addressLine1": "C/ Romero, 33", "addressLine2": null, "city": "Sevilla", "state": null, "postalCode": "41101", "country": "Spain", "salesRep": "Martin Gerard", "creditLimit": 65700.0, "payments": [{"checkNumber": "GK294076", "paymentDate": {"$date":"2004-10-26T00:00:00.000Z"}, "amount": 3474.66}, {"checkNumber": "JH546765", "paymentDate": {"$date":"2003-11-29T00:00:00.000Z"}, "amount": 47513.19}]}
]
