[
{"_id": 1002, "lastName": "Murphy", "firstName": "Diane", "extension": "x5800", "email": "dmurphy@classicmodelcars.com", "reportsTo": "N/A", "jobTitle": "President", "office": {"officeCode": "1", "city": "San Francisco", "phone": "+1 650 219 4782", "addressLine1": "100 Market Street", "addressLine2": "Suite 300", "state": "CA", "country": "USA", "postalCode": "94080", "territory": "NA"}},
{"_id": 1056, "lastName": "Patterson", "firstName": "Mary", "extension": "x4611", "email": "mpatterso@classicmodelcars.com", "reportsTo": "Diane Murphy", "jobTitle": "VP Sales", "office": {"officeCode": "1", "city": "San Francisco", "phone": "+1 650 219 4782", "addressLine1": "100 Market Street", "addressLine2": "Suite 300", "state": "CA", "country": "USA", "postalCode": "94080", "territory": "NA"}},
{"_id": 1076, "lastName": "Firrelli", "firstName": "Jeff", "extension": "x9273", "email": "jfirrelli@classicmodelcars.com", "reportsTo": "Diane Murphy", "jobTitle": "VP Marketing", "office": {"officeCode": "1", "city": "San Francisco", "phone": "+1 650 219 4782", "addressLine1": "100 Market Street", "addressLine2": "Suite 300", "state": "CA", "country": "USA", "postalCode": "94080", "territory": "NA"}},
{"_id": 1143, "lastName": "Bow", "firstName": "Anthony", "extension": "x5428", "email": "abow@classicmodelcars.com", "reportsTo": "Mary Patterson", "jobTitle": "Sales Manager (NA)", "office": {"officeCode": "1", "city": "San Francisco", "phone": "+1 650 219 4782", "addressLine1": "100 Market Street", "addressLine2": "Suite 300", "state": "CA", "country": "USA", "postalCode": "94080", "territory": "NA"}},
{"_id": 1165, "lastName": "Jennings", "firstName": "Leslie", "extension": "x3291", "email": "ljennings@classicmodelcars.com", "reportsTo": "Anthony Bow", "jobTitle": "Sales Rep", "office": {"officeCode": "1", "city": "San Francisco", "phone": "+1 650 219 4782", "addressLine1": "100 Market Street", "addressLine2": "Suite 300", "state": "CA", "country": "USA", "postalCode": "94080", "territory": "NA"}},
{"_id": 1166, "lastName": "Thompson", "firstName": "Leslie", "extension": "x4065", "email": "lthompson@classicmodelcars.com", "reportsTo": "Anthony Bow", "jobTitle": "Sales Rep", "office": {"officeCode": "1", "city": "San Francisco", "phone": "+1 650 219 4782", "addressLine1": "100 Market Street", "addressLine2": "Suite 300", "state": "CA", "country": "USA", "postalCode": "94080", "territory": "NA"}},
{"_id": 1188, "lastName": "Firrelli", "firstName": "Julie", "extension": "x2173", "email": "jfirrelli@classicmodelcars.com", "reportsTo": "Anthony Bow", "jobTitle": "Sales Rep", "office": {"officeCode": "2", "city": "Boston", "phone": "+1 215 837 0825", "addressLine1": "1550 Court Place", "addressLine2": "Suite 102", "state": "MA", "country": "USA", "postalCode": "02107", "territory": "NA"}},
{"_id": 1216, "lastName": "Patterson", "firstName": "Steve", "extension": "x4334", "email": "spatterson@classicmodelcars.com", "reportsTo": "Anthony Bow", "jobTitle": "Sales Rep", "office": {"officeCode": "2", "city": "Boston", "phone": "+1 215 837 0825", "addressLine1": "1550 Court Place", "addressLine2": "Suite 102", "state": "MA", "country": "USA", "postalCode": "02107", "territory": "NA"}},
{"_id": 1286, "lastName": "Tseng", "firstName": "Foon Yue", "extension": "x2248", "email": "ftseng@classicmodelcars.com", "reportsTo": "Anthony Bow", "jobTitle": "Sales Rep", "office": {"officeCode": "3", "city": "NYC", "phone": "+1 212 555 3000", "addressLine1": "523 East 53rd Street", "addressLine2": "apt. 5A", "state": "NY", "country": "USA", "postalCode": "10022", "territory": "NA"}},
{"_id": 1323, "lastName": "Vanauf", "firstName": "George", "extension": "x4102", "email": "gvanauf@classicmodelcars.com", "reportsTo": "Anthony Bow", "jobTitle": "Sales Rep", "office": {"officeCode": "3", "city": "NYC", "phone": "+1 212 555 3000", "addressLine1": "523 East 53rd Street", "addressLine2": "apt. 5A", "state": "NY", "country": "USA", "postalCode": "10022", "territory": "NA"}},
{"_id": 1102, "lastName": "Bondur", "firstName": "Gerard", "extension": "x5408", "email": "gbondur@classicmodelcars.com", "reportsTo": "Mary Patterson", "jobTitle": "Sale Manager (EMEA)", "office": {"officeCode": "4", "city": "Paris", "phone": "+33 14 723 4404", "addressLine1": "43 Rue Jouffroy D'abbans", "addressLine2": null, "state": null, "country": "France", "postalCode": "75017", "territory": "EMEA"}},
{"_id": 1337, "lastName": "Bondur", "firstName": "Loui", "extension": "x6493", "email": "lbondur@classicmodelcars.com", "reportsTo": "Gerard Bondur", "jobTitle": "Sales Rep", "office": {"officeCode": "4", "city": "Paris", "phone": "+33 14 723 4404", "addressLine1": "43 Rue Jouffroy D'abbans", "addressLine2": null, "state": null, "country": "France", "postalCode": "75017", "territory": "EMEA"}},
{"_id": 1370, "lastName": "Hernandez", "firstName": "Gerard", "extension": "x2028", "email": "ghernande@classicmodelcars.com", "reportsTo": "Gerard Bondur", "jobTitle": "Sales Rep", "office": {"officeCode": "4", "city": "Paris", "phone": "+33 14 723 4404", "addressLine1": "43 Rue Jouffroy D'abbans", "addressLine2": null, "state": null, "country": "France", "postalCode": "75017", "territory": "EMEA"}},
{"_id": 1401, "lastName": "Castillo", "firstName": "Pamela", "extension": "x2759", "email": "pcastillo@classicmodelcars.com", "reportsTo": "Gerard Bondur", "jobTitle": "Sales Rep", "office": {"officeCode": "4", "city": "Paris", "phone": "+33 14 723 4404", "addressLine1": "43 Rue Jouffroy D'abbans", "addressLine2": null, "state": null, "country": "France", "postalCode": "75017", "territory": "EMEA"}},
{"_id": 1702, "lastName": "Gerard", "firstName": "Martin", "extension": "x2312", "email": "mgerard@classicmodelcars.com", "reportsTo": "Gerard Bondur", "jobTitle": "Sales Rep", "office": {"officeCode": "4", "city": "Paris", "phone": "+33 14 723 4404", "addressLine1": "43 Rue Jouffroy D'abbans", "addressLine2": null, "state": null, "country": "France", "postalCode": "75017", "territory": "EMEA"}},
{"_id": 1621, "lastName": "Nishi", "firstName": "Mami", "extension": "x101", "email": "mnishi@classicmodelcars.com", "reportsTo": "Mary Patterson", "jobTitle": "Sales Rep", "office": {"officeCode": "5", "city": "Tokyo", "phone": "+81 33 224 5000", "addressLine1": "4-1 Kioicho", "addressLine2": null, "state": "Chiyoda-Ku", "country": "Japan", "postalCode": "102-8578", "territory": "Japan"}},
{"_id": 1625, "lastName": "Kato", "firstName": "Yoshimi", "extension": "x102", "email": "ykato@classicmodelcars.com", "reportsTo": "Mami Nishi", "jobTitle": "Sales Rep", "office": {"officeCode": "5", "city": "Tokyo", "phone": "+81 33 224 5000", "addressLine1": "4-1 Kioicho", "addressLine2": null, "state": "Chiyoda-Ku", "country": "Japan", "postalCode": "102-8578", "territory": "Japan"}},
{"_id": 1088, "lastName": "Patterson", "firstName": "William", "extension": "x4871", "email": "wpatterson@classicmodelcars.com", "reportsTo": "Mary Patterson", "jobTitle": "Sales Manager (APAC)", "office": {"officeCode": "6", "city": "Sydney", "phone": "+61 2 9264 2451", "addressLine1": "5-11 Wentworth Avenue", "addressLine2": "Floor #2", "state": null, "country": "Australia", "postalCode": "NSW 2010", "territory": "APAC"}},
{"_id": 1611, "lastName": "Fixter", "firstName": "Andy", "extension": "x101", "email": "afixter@classicmodelcars.com", "reportsTo": "William Patterson", "jobTitle": "Sales Rep", "office": {"officeCode": "6", "city": "Sydney", "phone": "+61 2 9264 2451", "addressLine1": "5-11 Wentworth Avenue", "addressLine2": "Floor #2", "state": null, "country": "Australia", "postalCode": "NSW 2010", "territory": "APAC"}},
{"_id": 1612, "lastName": "Marsh", "firstName": "Peter", "extension": "x102", "email": "pmarsh@classicmodelcars.com", "reportsTo": "William Patterson", "jobTitle": "Sales Rep", "office": {"officeCode": "6", "city": "Sydney", "phone": "+61 2 9264 2451", "addressLine1": "5-11 Wentworth Avenue", "addressLine2": "Floor #2", "state": null, "country": "Australia", "postalCode": "NSW 2010", "territory": "APAC"}},
{"_id": 1619, "lastName": "King", "firstName": "Tom", "extension": "x103", "email": "tking@classicmodelcars.com", "reportsTo": "William Patterson", "jobTitle": "Sales Rep", "office": {"officeCode": "6", "city": "Sydney", "phone": "+61 2 9264 2451", "addressLine1": "5-11 Wentworth Avenue", "addressLine2": "Floor #2", "state": null, "country": "Australia", "postalCode": "NSW 2010", "territory": "APAC"}},
{"_id": 1501, "lastName": "Bott", "firstName": "Larry", "extension": "x2311", "email": "lbott@classicmodelcars.com", "reportsTo": "Gerard Bondur", "jobTitle": "Sales Rep", "office": {"officeCode": "7", "city": "London", "phone": "+44 20 7877 2041", "addressLine1": "25 Old Broad Street", "addressLine2": "Level 7", "state": null, "country": "UK", "postalCode": "EC2N 1HN", "territory": "EMEA"}},
{"_id": 1504, "lastName": "Jones", "firstName": "Barry", "extension": "x102", "email": "bjones@classicmodelcars.com", "reportsTo": "Gerard Bondur", "jobTitle": "Sales Rep", "office": {"officeCode": "7", "city": "London", "phone": "+44 20 7877 2041", "addressLine1": "25 Old Broad Street", "addressLine2": "Level 7", "state": null, "country": "UK", "postalCode": "EC2N 1HN", "territory": "EMEA"}}
]
